{"mem": 0.7646551132202148, "ellipse_time": 189.65566086769104, "num_GS": 405758}