{"mem": 0.869816780090332, "ellipse_time": 692.7975325584412, "num_GS": 570249}