{"mem": 0.747776985168457, "ellipse_time": 297.73540115356445, "num_GS": 462167}