{"mem": 0.9936518669128418, "ellipse_time": 1509.7476711273193, "num_GS": 633051}