{"mem": 1.2790722846984863, "ellipse_time": 252.72432112693787, "num_GS": 1000000}