{"mem": 1.2790722846984863, "ellipse_time": 1372.8219923973083, "num_GS": 1000000}